Title,Rev_Rate,Sold,Shipping,Price
"3pcs/set, Garden Tool Set Rake Tip Shovel Large Gardening Mini Succulent Plant Loose Soil Flower Shovel",N/A,2 sold,Free shipping,$11.23
Hollow Hoe Weeding Rake Labor-saving Weeding & Loosening Soil Artifact Harrow Handheld steel weeding hoe Hoe Farm Tool Gardening,N/A,5 sold,N/A,$15.71
Gas Leaf Blower 25.4CC 2-Stroke 4.59ft³/h Commercial Handheld Gas Leaf Blower Grass Lawn Yard Dust Blowing Cleaning Tool,5.0★,37 sold,Free shipping,$52.68
3pcs Multifunctional Stainless Scissors Pruner Garden Scissors for Gardening Flower Fruit Tree Manually Scissor Electrician Tool,4.9★,90 sold,Free shipping,$12.24
ZK30 High Manganese Steel Double Scythe Multifunctional Mowing Cutting Trees Double Sickle for Gardening Tools Single Cutter,N/A,2 sold,Free shipping,$12.98
Garden Pruning Shears Stainless Steel Pruning Tools Garden Tools Scissors Cutter Fruit Picking Weed Home Potted Branches Pruner,N/A,3 sold,Free shipping,$10.54
Garden Florist Metal Gardon Flower Rose Thorn Stem Leaf Stripper Safety Rose Plier Magnolia Removing Burrs Garden Tool,N/A,1 sold,N/A,$0.49
Hand-held Retractable Gardening Shears Garden Tree Pruning Shears Thick Branches Garden Fruit Branches Shears Manganese Steel Bl,N/A,N/A,Free shipping,$85.12
"Gardening Weed Puller Tool, Uprooting Weeding Tool, 2024 New Weeding Artifact, Sturdy Manganese Steel Hand Weed Remover Tool for",N/A,12 sold,Free shipping,$10.65
Cordless Electric Hedge Trimmer Rechargeable Handheld Household Shrub Weeding Pruning Mower Garden Tools,5.0★,2 sold,Free shipping,$33.76
"20V Cordless Tiller Cultivator with 24 Steel Tines,7.8-inch Wide Battery Powered Garden Cultivator, Mini Tiller for Gardening",N/A,4 sold,Free shipping,$107.7
Lithium Battery Pruning Shears Rechargeable Fruit Tree Electric Pruning Scissors Specialized Pruning Tools For Tree Branches,N/A,N/A,N/A,$24.08
Manual Lawn Mower Adjustable Height Multifunction Hand Push Garden Trimming Equipment Lawn Leaf Sweeper Collector Gardening Tool,N/A,2 sold,Free shipping,$137.49
Power Tools 20-Volt 7.5-Inch Cordless Electric Garden Tiller Cultivator,5.0★,1 sold,Free shipping,$209.9
", Garden Bow Rake",N/A,1 sold,Free shipping,$29.27
"52cc 2-Stroke 5 in 1 Garden Hedge Trimmer Combo, Gas Powered Long Reach Pole Saw Grass String Trimmer Brush Tree Cutter Pruner",N/A,1 sold,Free shipping,$335.3
"Deli 3-Piece Loppers, Hedge Clippers & Pruners Set, Heavy-Duty Garden Tools for Tree & Shrub Care, Branch Cutter & Tree Trimmer",5.0★,6 sold,Free shipping,$66.9
"Deli 8L Garden Pressure Sprayer,Durable and Adjustable Spraying Tool for Watering, Fertilizing, and Pest Control in Lawns",N/A,N/A,Free shipping,$42.27
Garden Weeder Tool with Long Handle Manual Weed Digger for Yard Lawn Farmhouse Gardening,5.0★,9 sold,Free shipping,$25.36
Automatic Lawn Mower Remote Control Field Grass Cutter Weeding Machine HT 550,2.0★,N/A,Free shipping,"$2,100"
2-in-1 Manganese Steel Hand Weeder Multifunctional Garden Rake Agricultural Weed Puller Shovel Grass Rooting Soil Loosening Tool,N/A,1 sold,Free shipping,$23.24
"Garden Hoe Tools - Heavy Duty 2-in-1 Hoe With Cultivator For Weeding, Loosening Soil, Sharp Push-Pull Hoe With Scraping Rake For",N/A,N/A,Free shipping,$69.47
Electric Weed Wacker Battery Powered Grass Trimmer 3 in 1 Weed Trimmer Lawn Edger Brush Cutter for Lawn Garden Pruning Trimming,N/A,9 sold,Free shipping,$68.14
VEVOR Lawn Leveling Rake 36inchx10inch Heavy-duty Lawn Leveler With 78inch Steel Extended Handle For Garden Golf Lawn Farm,4.8★,241 sold,Free shipping,$77.05
5/6/11Teeth Weed Remover Powerful Weed Puller Shovel Multifunctional Garden Rake Weeding Removal Hoe for Backyard Soil Loosening,N/A,1 sold,Free shipping,$7.97
Multifunctional Grafting Pruner Scissors Grafting Pruner Scissors Orchard Garden Tools Kit Pruning Shears Kit,N/A,N/A,Free shipping,$36.75
"Deli 270mm Garden Pruning Saw,Durable Sharp Blade with Ergonomic Handle, Perfect for Tree Trimming and Landscaping Tasks",N/A,1 sold,Free shipping,$11
"40V 16-inch Cordless Lawn Mower with 45L Grass Collection Bag, 6 Position Height Adjustment Electric Lawn Mower, 2 x 20V 4.0Ah",N/A,1 sold,Free shipping,$403.68
High Manganese Steel Double Scythe Multifunctional Mowing Cutting Trees Double Sickle for Gardening Tools Gardening Tools,N/A,1 sold,Free shipping,$22.81
Double Scythe High Manganese Steel Double Scythe Multifunctional Mowing Cutting Trees Double Sickle for Gardening Tools,4.7★,31 sold,Free shipping,$10.21
